John,Doe,01-10-1998
Jane,Smith,02-04-1995
Craig,List,03-07-2004
Ame,Takahashi,17-02-1970
Bjorn,Ragnarson,23-12-2010
Ellie,McCane,25-03-2000
Martin,Lynch,01-05-1972
Kaori,Azumabito,17-01-1999
Jan,Strauss,28-09-2003
Wolfgang,Matheus,18-06-1960
Sasha,Reuss,31-08-2014
Ava,Reddington,14-10-1999
John,Moe,01-01-1998
Jennifer,Smith,02-02-1995
Craig,McLane,03-03-2004
Myuki ,Takahashi,17-04-1970
Bjorn,Jansen,23-05-2010
Kylie,McCane  ,25-06-2000
Martin,Johnson,01-07-1972
Kaori,Myazano,17-08-1999
  Olaf,Strauss,28-09-2003
Willie,Matheus,18-10-1960
Sasha,Smith,31-12-2014

Eve,Reddington,   14-12-1999

